rank,id,POSIX_OPENS,POSIX_FILENOS,POSIX_DUPS,POSIX_READS,POSIX_WRITES,POSIX_SEEKS,POSIX_STATS,POSIX_MMAPS,POSIX_FSYNCS,POSIX_FDSYNCS,POSIX_RENAME_SOURCES,POSIX_RENAME_TARGETS,POSIX_RENAMED_FROM,POSIX_MODE,POSIX_BYTES_READ,POSIX_BYTES_WRITTEN,POSIX_MAX_BYTE_READ,POSIX_MAX_BYTE_WRITTEN,POSIX_CONSEC_READS,POSIX_CONSEC_WRITES,POSIX_SEQ_READS,POSIX_SEQ_WRITES,POSIX_RW_SWITCHES,POSIX_MEM_NOT_ALIGNED,POSIX_MEM_ALIGNMENT,POSIX_FILE_NOT_ALIGNED,POSIX_FILE_ALIGNMENT,POSIX_MAX_READ_TIME_SIZE,POSIX_MAX_WRITE_TIME_SIZE,POSIX_SIZE_READ_0_100,POSIX_SIZE_READ_100_1K,POSIX_SIZE_READ_1K_10K,POSIX_SIZE_READ_10K_100K,POSIX_SIZE_READ_100K_1M,POSIX_SIZE_READ_1M_4M,POSIX_SIZE_READ_4M_10M,POSIX_SIZE_READ_10M_100M,POSIX_SIZE_READ_100M_1G,POSIX_SIZE_READ_1G_PLUS,POSIX_SIZE_WRITE_0_100,POSIX_SIZE_WRITE_100_1K,POSIX_SIZE_WRITE_1K_10K,POSIX_SIZE_WRITE_10K_100K,POSIX_SIZE_WRITE_100K_1M,POSIX_SIZE_WRITE_1M_4M,POSIX_SIZE_WRITE_4M_10M,POSIX_SIZE_WRITE_10M_100M,POSIX_SIZE_WRITE_100M_1G,POSIX_SIZE_WRITE_1G_PLUS,POSIX_STRIDE1_STRIDE,POSIX_STRIDE2_STRIDE,POSIX_STRIDE3_STRIDE,POSIX_STRIDE4_STRIDE,POSIX_STRIDE1_COUNT,POSIX_STRIDE2_COUNT,POSIX_STRIDE3_COUNT,POSIX_STRIDE4_COUNT,POSIX_ACCESS1_ACCESS,POSIX_ACCESS2_ACCESS,POSIX_ACCESS3_ACCESS,POSIX_ACCESS4_ACCESS,POSIX_ACCESS1_COUNT,POSIX_ACCESS2_COUNT,POSIX_ACCESS3_COUNT,POSIX_ACCESS4_COUNT,POSIX_FASTEST_RANK,POSIX_FASTEST_RANK_BYTES,POSIX_SLOWEST_RANK,POSIX_SLOWEST_RANK_BYTES,module,record_type,POSIX_F_OPEN_START_TIMESTAMP,POSIX_F_READ_START_TIMESTAMP,POSIX_F_WRITE_START_TIMESTAMP,POSIX_F_CLOSE_START_TIMESTAMP,POSIX_F_OPEN_END_TIMESTAMP,POSIX_F_READ_END_TIMESTAMP,POSIX_F_WRITE_END_TIMESTAMP,POSIX_F_CLOSE_END_TIMESTAMP,POSIX_F_READ_TIME,POSIX_F_WRITE_TIME,POSIX_F_META_TIME,POSIX_F_MAX_READ_TIME,POSIX_F_MAX_WRITE_TIME,POSIX_F_FASTEST_RANK_TIME,POSIX_F_SLOWEST_RANK_TIME,POSIX_F_VARIANCE_RANK_TIME,POSIX_F_VARIANCE_RANK_BYTES,MPIIO_INDEP_OPENS,MPIIO_COLL_OPENS,MPIIO_INDEP_READS,MPIIO_INDEP_WRITES,MPIIO_COLL_READS,MPIIO_COLL_WRITES,MPIIO_SPLIT_READS,MPIIO_SPLIT_WRITES,MPIIO_NB_READS,MPIIO_NB_WRITES,MPIIO_SYNCS,MPIIO_HINTS,MPIIO_VIEWS,MPIIO_MODE,MPIIO_BYTES_READ,MPIIO_BYTES_WRITTEN,MPIIO_RW_SWITCHES,MPIIO_MAX_READ_TIME_SIZE,MPIIO_MAX_WRITE_TIME_SIZE,MPIIO_SIZE_READ_AGG_0_100,MPIIO_SIZE_READ_AGG_100_1K,MPIIO_SIZE_READ_AGG_1K_10K,MPIIO_SIZE_READ_AGG_10K_100K,MPIIO_SIZE_READ_AGG_100K_1M,MPIIO_SIZE_READ_AGG_1M_4M,MPIIO_SIZE_READ_AGG_4M_10M,MPIIO_SIZE_READ_AGG_10M_100M,MPIIO_SIZE_READ_AGG_100M_1G,MPIIO_SIZE_READ_AGG_1G_PLUS,MPIIO_SIZE_WRITE_AGG_0_100,MPIIO_SIZE_WRITE_AGG_100_1K,MPIIO_SIZE_WRITE_AGG_1K_10K,MPIIO_SIZE_WRITE_AGG_10K_100K,MPIIO_SIZE_WRITE_AGG_100K_1M,MPIIO_SIZE_WRITE_AGG_1M_4M,MPIIO_SIZE_WRITE_AGG_4M_10M,MPIIO_SIZE_WRITE_AGG_10M_100M,MPIIO_SIZE_WRITE_AGG_100M_1G,MPIIO_SIZE_WRITE_AGG_1G_PLUS,MPIIO_ACCESS1_ACCESS,MPIIO_ACCESS2_ACCESS,MPIIO_ACCESS3_ACCESS,MPIIO_ACCESS4_ACCESS,MPIIO_ACCESS1_COUNT,MPIIO_ACCESS2_COUNT,MPIIO_ACCESS3_COUNT,MPIIO_ACCESS4_COUNT,MPIIO_FASTEST_RANK,MPIIO_FASTEST_RANK_BYTES,MPIIO_SLOWEST_RANK,MPIIO_SLOWEST_RANK_BYTES,MPIIO_F_OPEN_START_TIMESTAMP,MPIIO_F_READ_START_TIMESTAMP,MPIIO_F_WRITE_START_TIMESTAMP,MPIIO_F_CLOSE_START_TIMESTAMP,MPIIO_F_OPEN_END_TIMESTAMP,MPIIO_F_READ_END_TIMESTAMP,MPIIO_F_WRITE_END_TIMESTAMP,MPIIO_F_CLOSE_END_TIMESTAMP,MPIIO_F_READ_TIME,MPIIO_F_WRITE_TIME,MPIIO_F_META_TIME,MPIIO_F_MAX_READ_TIME,MPIIO_F_MAX_WRITE_TIME,MPIIO_F_FASTEST_RANK_TIME,MPIIO_F_SLOWEST_RANK_TIME,MPIIO_F_VARIANCE_RANK_TIME,MPIIO_F_VARIANCE_RANK_BYTES,H5F_OPENS,H5F_FLUSHES,H5F_USE_MPIIO,H5F_F_OPEN_START_TIMESTAMP,H5F_F_CLOSE_START_TIMESTAMP,H5F_F_OPEN_END_TIMESTAMP,H5F_F_CLOSE_END_TIMESTAMP,H5F_F_META_TIME,STDIO_OPENS,STDIO_FDOPENS,STDIO_READS,STDIO_WRITES,STDIO_SEEKS,STDIO_FLUSHES,STDIO_BYTES_WRITTEN,STDIO_BYTES_READ,STDIO_MAX_BYTE_READ,STDIO_MAX_BYTE_WRITTEN,STDIO_FASTEST_RANK,STDIO_FASTEST_RANK_BYTES,STDIO_SLOWEST_RANK,STDIO_SLOWEST_RANK_BYTES,STDIO_F_META_TIME,STDIO_F_WRITE_TIME,STDIO_F_READ_TIME,STDIO_F_OPEN_START_TIMESTAMP,STDIO_F_CLOSE_START_TIMESTAMP,STDIO_F_WRITE_START_TIMESTAMP,STDIO_F_READ_START_TIMESTAMP,STDIO_F_OPEN_END_TIMESTAMP,STDIO_F_CLOSE_END_TIMESTAMP,STDIO_F_WRITE_END_TIMESTAMP,STDIO_F_READ_END_TIMESTAMP,STDIO_F_FASTEST_RANK_TIME,STDIO_F_SLOWEST_RANK_TIME,STDIO_F_VARIANCE_RANK_TIME,STDIO_F_VARIANCE_RANK_BYTES
-1,7.483158023299679e+17,32768.0,-1.0,-1.0,507904.0,0.0,393220.0,2.0,0.0,0.0,0.0,-1.0,-1.0,0.0,0.0,189005824.0,0.0,481036341895.0,0.0,81920.0,0.0,262144.0,0.0,0.0,0.0,16.0,442368.0,8192.0,8.0,0.0,131072.0,376832.0,0.0,0.0,0.0,0.0,0.0,0.0,0.0,0.0,0.0,0.0,0.0,0.0,0.0,0.0,0.0,0.0,0.0,0.0,904.0,192.0,412316860264.0,68719477456.0,32768.0,32768.0,16384.0,16384.0,512.0,544.0,328.0,80.0,245760.0,65536.0,65536.0,65536.0,15104.0,11536.0,6190.0,11536.0,POSIX,counters,,,,,,,,,,,,,,,,,,,,,,,,,,,,,,,,,,,,,,,,,,,,,,,,,,,,,,,,,,,,,,,,,,,,,,,,,,,,,,,,,,,,,,,,,,,,,,,,,,,,,,,,,,,,,,,,,,,,,,,,,,
-1,7.483158023299679e+17,,,,,,,,,,,,,,,,,,,,,,,,,,,,,,,,,,,,,,,,,,,,,,,,,,,,,,,,,,,,,,,,,,,,,,POSIX,fcounters,1.1117287937499896,1.3660124174999737,0.0,2.186176428750059,13.702693022500057,16.108342886250057,0.0,16.99883309500001,84994.65702490495,0.0,-7.899881041179367e-160,-43654.51459176326,0.0,2.519685506249971,14.84668575624994,0.0,0.0,,,,,,,,,,,,,,,,,,,,,,,,,,,,,,,,,,,,,,,,,,,,,,,,,,,,,,,,,,,,,,,,,,,,,,,,,,,,,,,,,,,,,,,,,,,,,,,,,,,,,,,,,
-1,7.483158023299679e+17,,,,,,,,,,,,,,,,,,,,,,,,,,,,,,,,,,,,,,,,,,,,,,,,,,,,,,,,,,,,,,,,,,,,,,MPI-IO,counters,,,,,,,,,,,,,,,,,,0.0,32768.0,507904.0,0.0,0.0,0.0,0.0,0.0,0.0,0.0,0.0,0.0,0.0,2.0,189005824.0,0.0,0.0,8.0,0.0,131072.0,376832.0,0.0,0.0,0.0,0.0,0.0,0.0,0.0,0.0,0.0,0.0,0.0,0.0,0.0,0.0,0.0,0.0,0.0,0.0,512.0,544.0,328.0,80.0,245760.0,65536.0,65536.0,65536.0,1538.0,11536.0,6190.0,11536.0,,,,,,,,,,,,,,,,,,,,,,,,,,,,,,,,,,,,,,,,,,,,,,,,,,,,,,
-1,7.483158023299679e+17,,,,,,,,,,,,,,,,,,,,,,,,,,,,,,,,,,,,,,,,,,,,,,,,,,,,,,,,,,,,,,,,,,,,,,MPI-IO,fcounters,,,,,,,,,,,,,,,,,,,,,,,,,,,,,,,,,,,,,,,,,,,,,,,,,,,,,,,,,,,,,,,,,,,,,0.9352691724999431,1.3660037837499885,0.0,-1.0,-1.0,16.10835507750005,0.0,16.999583476875046,128425.94684253624,0.0,14500.78382971311,10.768519318750009,0.0,2.98441933937454,15.180322589375464,10.320702986666733,0.0,,,,,,,,,,,,,,,,,,,,,,,,,,,,,,,,,,,,,
-1,7.483158023299679e+17,,,,,,,,,,,,,,,,,,,,,,,,,,,,,,,,,,,,,,,,,,,,,,,,,,,,,,,,,,,,,,,,,,,,,,H5F,counters,,,,,,,,,,,,,,,,,,,,,,,,,,,,,,,,,,,,,,,,,,,,,,,,,,,,,,,,,,,,,,,,,,,,,,,,,,,,,,,,,,,,,,32768.0,-1.0,-1.0,,,,,,,,,,,,,,,,,,,,,,,,,,,,,,,,,,
-1,7.483158023299679e+17,,,,,,,,,,,,,,,,,,,,,,,,,,,,,,,,,,,,,,,,,,,,,,,,,,,,,,,,,,,,,,,,,,,,,,H5F,fcounters,,,,,,,,,,,,,,,,,,,,,,,,,,,,,,,,,,,,,,,,,,,,,,,,,,,,,,,,,,,,,,,,,,,,,,,,,,,,,,,,,,,,,,,,,0.9305798399999503,-1.0,-1.0,17.00032951500009,-1.0,,,,,,,,,,,,,,,,,,,,,,,,,,,,,
0,1.5920181672442173e+19,,,,,,,,,,,,,,,,,,,,,,,,,,,,,,,,,,,,,,,,,,,,,,,,,,,,,,,,,,,,,,,,,,,,,,STDIO,counters,,,,,,,,,,,,,,,,,,,,,,,,,,,,,,,,,,,,,,,,,,,,,,,,,,,,,,,,,,,,,,,,,,,,,,,,,,,,,,,,,,,,,,,,,,,,,,1.0,-1.0,0.0,18.0,0.0,1.0,452.0,0.0,0.0,451.0,0.0,0.0,0.0,0.0,,,,,,,,,,,,,,,
0,7.238257241479194e+18,,,,,,,,,,,,,,,,,,,,,,,,,,,,,,,,,,,,,,,,,,,,,,,,,,,,,,,,,,,,,,,,,,,,,,STDIO,counters,,,,,,,,,,,,,,,,,,,,,,,,,,,,,,,,,,,,,,,,,,,,,,,,,,,,,,,,,,,,,,,,,,,,,,,,,,,,,,,,,,,,,,,,,,,,,,1.0,-1.0,0.0,0.0,0.0,0.0,0.0,0.0,0.0,0.0,0.0,0.0,0.0,0.0,,,,,,,,,,,,,,,
0,1.5920181672442173e+19,,,,,,,,,,,,,,,,,,,,,,,,,,,,,,,,,,,,,,,,,,,,,,,,,,,,,,,,,,,,,,,,,,,,,,STDIO,fcounters,,,,,,,,,,,,,,,,,,,,,,,,,,,,,,,,,,,,,,,,,,,,,,,,,,,,,,,,,,,,,,,,,,,,,,,,,,,,,,,,,,,,,,,,,,,,,,,,,,,,,,,,,,,,0.0,0.0032270975000301405,0.0,0.0,0.0,3.159780567499979,0.0,0.0,0.0,16.80872070999999,0.0,0.0,0.0,0.0,0.0
0,7.238257241479194e+18,,,,,,,,,,,,,,,,,,,,,,,,,,,,,,,,,,,,,,,,,,,,,,,,,,,,,,,,,,,,,,,,,,,,,,STDIO,fcounters,,,,,,,,,,,,,,,,,,,,,,,,,,,,,,,,,,,,,,,,,,,,,,,,,,,,,,,,,,,,,,,,,,,,,,,,,,,,,,,,,,,,,,,,,,,,,,,,,,,,,,,,,,,,0.0,0.0,0.0,0.0,0.0,0.0,0.0,0.0,0.0,0.0,0.0,0.0,0.0,0.0,0.0
